ChannelID,Links,Subscribers
@UpFlip,"['upflip.com', 'instagram.com/upflip', 'facebook.com/upflipofficial', 'twitter.com/UpFlipOfficial']",893K
@ThachNguyen,"['instagram.com/thachnguyen', 'facebook.com/thachn', 'twitter.com/thachnguyen', 'tiktok.com/@thachn']",169K
@STRUniversity,"['stompcapital.com', 'kit.co/ShortTermRentalSecret', 'twitter.com/imrichardfertig', 'facebook.com/groups/struniversity', 'instagram.com/struniversity']",75.8K
@CodieSanchezCT,"['contrarianthinking.biz/yt', 'instagram.com/codiesanchez', 'tiktok.com/@realcodiesanchez?lang=en', 'twitter.com/Codie_Sanchez', 'linkedin.com/in/codiesanchez']",907K
@AnikSingal,"['aniksingal.com', 'lurn.com/blog/author/anik', 'facebook.com/AnikSingalcom', 'linkedin.com/in/aniksingal', 'instagram.com/anik']",488K
@Robuilt,"['instagram.com/robuilt', 'twitter.com/Robuiltchannel', 'tiktok.com/@robuilto']",261K
@mikevestil,"['mikevestil.com/free-workshop', 'instagram.com/mikevestil', 'amazon.com/gp/product/1520922620/ref=as_li_qf_sp_asin_il_tl?ie=UTF8&tag=mikevestil0b-20&camp=1789&creative=9325&linkCode=as2&creativeASIN=1520922620&linkId=cd8ce998fdb88e8fab17b3f775ed4a47']",811K
@AirbnbAutomated,"['facebook.com/groups/442411303158530', 'classes.milliondollarrenter.com/p/cracking-superhost', 'rakidzich.com', 'instagram.com/airbnbautomated', 'tiktok.com/@milliondollarrenter']",259K
@LeviKelly,"['cabinlore.com', 'levimkelly.com']",619K
@MikeWillTravel,"['instagram.com/mikewilltravel', 'tiktok.com/@mikewilltravel']",139K
@TheDelprattFamily,[],52.5K
@FranchiseCityOnline,"['tiktok.com/@franchisecity', 'franchise.city/our-services']",160K
@KaiAndrew,['kaiandrew.com'],125K
@ReventureConsulting,"['reventure.app', 'instagram.com/reventure_consulting']",448K
@InvestorCenter,[],282K
@NoelleRandall1,"['noellerandall.com', 'facebook.com/noellerandallcoaching', 'tiktok.com/@noellerandallcoaching', 'instagram.com/noellerandallcoaching', 'teespring.com/stores/noelle-randall-coaching']",692K
@OurRichJourney,"['365daystofire.com', 'ourrichjourney.com/firemasterclass', 'ourrichjourney.com/investingforfire', 'ourrichjourney.com', 'instagram.com/richjourney']",640K
@airbnb,"['airbnb.com', 'instagram.com/airbnb', 'twitter.com/airbnb', 'tiktok.com/@airbnb?lang=en']",637K
@Fox10Phoenix,"['fox10phoenix.com', 'facebook.com/Fox10Phoenix', 'twitter.com/Fox10Phoenix', 'instagram.com/Fox10Phoenix', 'fox10phoenix.com/apps', 'fox10phoenix.com/apps', 'fox10phoenix.com/email', 'ksaz.fox/news-photos']",329K
@Baddieinbiz,"['instagram.com/baddieinbiz', 'tiktok.com/@baddieinbiz']",739K
@ModernMBA,"['reddit.com/r/modernmba', 'patreon.com/modernmba']",375K
@TravelingwithKristin,"['travelingwithkristin.com/relocation', 'travelingwithkristin.com/subscribe', 'youtube.com/travelingwithkristin?sub_confirmation=1', 'facebook.com/groups/digitalnomadsuccess', 'badassdigitalnomads.com', 'instagram.com/travelingwithkristin']",191K
@TravisMarziani,"['effectiveecommerce.com/ppfswitch', 'facebook.com/groups/EffectiveEcommerce', 'instagram.com/travismarziani']",330K
@SantrelMedia,"['youtube.com/santrelmedia/?sub_confirmation=1', 'santrelmedia.com']",781K
@TatianaJames,"['tatianajames.com/fba', 'tatianajames.com', 'instagram.com/tatianajames26/?hl=en', 'facebook.com/tatianajames26']",454K
@TrevinPeterson,"['youtube.com/channel/UCdpCZUXLtEpWYWf5eiI0qAg', 'instagram.com/trevinpeterson', 'amzchampions.com']",66.2K
@GOODLIFEWARRIOR,"['sourcingwarrior.com', 'join.sourcingwarrior.com', 'facebook.com/groups/1748739805177341', 'sourcingwarrior.com/the-goodlife-warrior-podcast', 'instagram.com/goodlifewarrior', 'facebook.com/pg/GoodLifeWarrior']",136K
@DebtToDollars,"['mailchi.mp/ellwoodcap/dtd', 'patreon.com/debttodollars', 'instagram.com/dtdollars', 'fiverr.com/joshuaellwoo861/find-you-a-highly-profitable-product-to-sell-on-amazon-fba?utm_campaign=gigs_show&utm_medium=shared&utm_source=copy_link&utm_term=ydla4g', 'get.junglescout.com/JS-DTD']",88K
@alphampire,"['alpham.com', 'instagram.com/aaronmarino', 'peteandpedro.com', 'tiege.com']",57.4K
@MeetMughals,"['facebook.com/meetmughals', 'instagram.com/Meet_mughals', 'meetmughals.com', 'tiktok.com/@meet_mughals']",635K
@Raikenprofit,"['raikenprofit.com', 'instagram.com/raikenprofit', 'raikenprofit.com/community', 'tiktok.com/@raikenprofit_official']",192K
@Jatznaran,"['instagram.com/jatznaran', 'tiktok.com/@jatznaran', 'twitter.com/jatznarann']",243K
@shahidanwarllc,"['shahid-s-school-6243.thinkific.com/courses/shahid-s-Mentorship', 'instagram.com/shahidanwarllc/?hl=en', 'shahidanwarllc.com']",740K
@SnewJKnows,['patreon.com/Snewj408'],278K
@hoodrichcredit,"['vm.tiktok.com/ZM8rY5nrq', 'instagram.com/hoodrichcredit?utm_medium=copy_link']",191K
@FulfillmentbyAmazon,"['amazonservices.com/content/fulfillment-by-amazon.htm', 'amazonservices.com/fulfillment-by-amazon/what-people-say.htm']",74.2K
@ReezyResells,"['reezyresells.com', 'whop.com/reezy-resells', 'whop.com/reezy-resells', 'bit.ly/SCOUTIQapp', 'facebook.com/reezyresellsofficial', 'tiktok.com/@reezyresells', 'twitter.com/reezyresells', 'instagram.com/reezyresells', 'facebook.com/groups/REEZYRESELLS', 'bit.ly/ReezySellerAmp', 'scanlister.com/Reezy']",476K
@adin,['techvision.tv'],820K
@simplytechofficial,[],295K
@junglescout,"['junglescout.com', 'facebook.com/amazonjunglescout', 'instagram.com/junglescout_']",288K
@justonedime,['justonedime.com'],260K
@CamronJames,"['camronjames.com/misc-387483051588608579980', 'instagram.com/camronjamesfba', 'facebook.com/groups/buildyourbedrock']",77.9K
@AmazonSellerUniversity,['sellercentral.amazon.com/learn/ref=su_yt'],177K
@ecommercesuccesspakistanby7260,['go.hozyali.com/AmazonPakistan'],51.5K
@enablers,"['facebook.com/groups/Ecommerce.Enablers', 'instagram.com/enablers.team', 'twitter.com/EnablersPk', 'linkedin.com/company/enablers-pakistan', 'enablers.org']",512K
@Techboomers,"['techboomers.com', 'facebook.com/Techboomers', 'twitter.com/techboomers', 'techboomers.com/p/netflix', 'techboomers.com/p/pinterest']",614K
@DanVas,['instagram.com/danvas'],471K
@willchangelives,['instagram.com/willchangelives'],132K
@EnablersFanPage,"['facebook.com/groups/Ecommerce.Enablers', 'twitter.com/saqibazhar', 'instagram.com/saqib.enablers']",167K
@DanRodgers,"['linktr.ee/danrodgers', 'instagram.com/officialdanrodgers', 'facebook.com/officialdanrodgers', 'youtube.com/channel/UCg43Hpd6z8Slmwdl46rPFzw/join', 'rodcast.buzzsprout.com', 'medium.com/@dan_15239']",68.2K
@Helium10,"['members.helium10.com/user/signup?utm_source=youtube.com&utm_medium=referral&utm_campaign=channel-home', 'facebook.com/groups/Helium10Users', 'instagram.com/helium10software', 'tiktok.com/@helium10software', 'twitter.com/Helium_10', 'linkedin.com/company/helium10']",72.9K
@MeticsMedia,"['tools.meticsmedia.com/exclusive-deals', 'youtube.com/channel/UCuwpzP90g1LuGk6JUNms_AQ?sub_confirmation=1', 'instagram.com/meticsmedia']",234K
@ShafiqueJafferyOfficial,"['instagram.com/shafique_jaffery', 'web.facebook.com/JafferyOfficial']",460K
@xeezone,"['facebook.com/xeezoneofficial', 'instagram.com/xeezone']",53.6K
@azadchaiwala2,"['youtube.com/azadchaiwala', 'facebook.com/azadchaiwala']",171K
@CrescentKao,"['facebook.com/groups/AmazonBeginnerMastery', 'facebook.com/crescentkao', 'crescentkao.com', 'instagram.com/crescentkao']",57.3K
@AyazAli,[],57.3K
@RyanHoguePassiveIncome,['ryanhogue.com/hi'],161K
@AmazonSellersSociety,"['assmiddleeast.org', 'instagram.com/amazonsellerssociety', 'tiktok.com/@amazonsellerssociety']",84.7K
